[
  /*

      Here is a template to show what values should be filled in. 
      Use the description at http://civdata.com/, and adjust the numbers accordingly.
      Even then, its up to personal interpretation.
      To generate lines with multiple parameters I used the funciton: (FirstParam + (SeccondParam - 5) / 2)
      Note: BNW leaders are included for now.
  {
      "name": "Template",
      // Stats focused personalities
      "culture": Culture,
      "faith": Religion,
      "food": Growth,
      "gold": Gold,
      "happiness": Happiness,
      "production": Production,
      "science": Science,
      // Behavour focused personalities
      "military": Military Training,
      "aggressive": Offensive or (10 - defensive) which ever is higher,
      "declareWar": War,
      "commerce": Gold + Chattiness,
      "diplomacy": Diplomatic Balance + Friendly,
      "loyal": Loyalty + Defense,
      "expansion": Expansion,

      "priorities": {
          "Tradition": Culture + Wonder,
          "Liberty": Expansion + TileImprovement,
          "Honor": Boldness + War,
          "Commerce": Gold + Chatiness,
          "Patronage": CityStateCompetitiveness + CSFriendly,
          "Piety": Faith + CS Friendly,
          "Rationalism": Science + Spaceship,
          "Freedom": Hapiness + Growth,
          "Autocracy": Boldness + Military training,
          "Order": Defensive + Production
      },
      "civilopediaText": [
          {"text": "Alexander the Great, born in Macedon, was one of the most skilled generals, even more by his young age, and in only 17 years he conquered all the Greek known world."}
      ]
  },*/
  {
    "name": "Ahmad al-Mansur",
    "production": 6,
    "food": 6,
    "gold": 5,
    "science": 5,
    "culture": 7,
    "happiness": 5,
    "faith": 6,
    "military": 5,
    "aggressive": 3,
    "declareWar": 5,
    "commerce": 6,
    "diplomacy": 6,
    "loyal": 7,
    "expansion": 4,
    "priorities": {
      "Tradition": 7,
      "Liberty": 5,
      "Honor": 4,
      "Commerce": 5,
      "Patronage": 5,
      "Piety": 6,
      "Rationalism": 5,
      "Freedom": 5,
      "Autocracy": 4,
      "Order": 7
    }
  },
  {
    "name": "Alexander",
    "production": 5,
    "food": 4,
    "gold": 3,
    "science": 6,
    "culture": 7,
    "happiness": 5,
    "faith": 5,
    "military": 5,
    "aggressive": 8,
    "declareWar": 6,
    "commerce": 6,
    "diplomacy": 3,
    "loyal": 4,
    "expansion": 8,
    "priorities": {
      "Tradition": 7,
      "Liberty": 8,
      "Honor": 8,
      "Commerce": 4,
      "Patronage": 3,
      "Piety": 6,
      "Rationalism": 7,
      "Freedom": 5,
      "Autocracy": 8,
      "Order": 5
    },
    "civilopediaText": [
      {
        "text": "Alexander the Great, born in Macedon, was one of the most skilled generals, even more by his young age, and in only 17 years he conquered all the Greek known world."
      }
    ]
  },
  {
    "name": "Ashurbanipal",
    "production": 6,
    "food": 5,
    "gold": 5,
    "science": 7,
    "culture": 5,
    "happiness": 5,
    "faith": 4,
    "military": 8,
    "aggressive": 7,
    "declareWar": 8,
    "commerce": 3,
    "diplomacy": 5,
    "loyal": 4,
    "expansion": 6,
    "priorities": {
      "Tradition": 5,
      "Liberty": 6,
      "Honor": 7,
      "Commerce": 4,
      "Patronage": 3,
      "Piety": 5,
      "Rationalism": 8,
      "Freedom": 5,
      "Autocracy": 7,
      "Order": 3
    }
  },
  {
    "name": "Askia",
    "production": 5,
    "food": 6,
    "gold": 8,
    "science": 4,
    "culture": 6,
    "happiness": 4,
    "faith": 7,
    "military": 6,
    "aggressive": 8,
    "declareWar": 7,
    "commerce": 6,
    "diplomacy": 6,
    "loyal": 6,
    "expansion": 5,
    "priorities": {
      "Tradition": 5,
      "Liberty": 5,
      "Honor": 8,
      "Commerce": 8,
      "Patronage": 4,
      "Piety": 8,
      "Rationalism": 5,
      "Freedom": 4,
      "Autocracy": 7,
      "Order": 4
    },
    "civilopediaText": [
      {
        "text": "The general Askia turned the Songhai nation into the most powerful state of West Africa, bringing a golden age of religion and knowledge."
      }
    ]
  },
  {
    "name": "Attila the Hun",
    "production": 6,
    "food": 4,
    "gold": 7,
    "science": 3,
    "culture": 5,
    "happiness": 5,
    "faith": 5,
    "military": 6,
    "aggressive": 8,
    "declareWar": 8,
    "commerce": 6,
    "diplomacy": 3,
    "loyal": 4,
    "expansion": 7,
    "priorities": {
      "Tradition": 5,
      "Liberty": 7,
      "Honor": 9,
      "Commerce": 7,
      "Patronage": 3,
      "Piety": 5,
      "Rationalism": 3,
      "Freedom": 5,
      "Autocracy": 8,
      "Order": 4
    },
    "civilopediaText": [
      {
        "text": "'The Scourge of God' united the Hunnic tribes, and led them to great wealth and glory, antagonizing the Romans across his borders relentlessly."
      }
    ]
  },
  {
    "name": "Augustus Caesar",
    "production": 6,
    "food": 5,
    "gold": 6,
    "science": 5,
    "culture": 5,
    "happiness": 8,
    "faith": 4,
    "military": 7,
    "aggressive": 4,
    "declareWar": 5,
    "commerce": 4,
    "diplomacy": 7,
    "loyal": 4,
    "expansion": 8,
    "priorities": {
      "Tradition": 5,
      "Liberty": 9,
      "Honor": 6,
      "Commerce": 6,
      "Patronage": 7,
      "Piety": 4,
      "Rationalism": 6,
      "Freedom": 6,
      "Autocracy": 5,
      "Order": 8
    },
    "civilopediaText": [
      {
        "text": "The creator of the Pax Romana and the Roman Empire, who ended a long civil war and brought peace to the entire Mediterranean, possibly the greatest emperor of Rome."
      }
    ]
  },
  {
    "name": "Otto von Bismarck",
    "production": 8,
    "food": 5,
    "gold": 5,
    "science": 7,
    "culture": 5,
    "happiness": 5,
    "faith": 3,
    "military": 8,
    "aggressive": 4,
    "declareWar": 6,
    "commerce": 5,
    "diplomacy": 9,
    "loyal": 6,
    "expansion": 7,
    "priorities": {
      "Tradition": 5,
      "Liberty": 7,
      "Honor": 4,
      "Commerce": 5,
      "Patronage": 7,
      "Piety": 4,
      "Rationalism": 8,
      "Freedom": 5,
      "Autocracy": 5,
      "Order": 7
    },
    "civilopediaText": [
      {
        "text": "The successful political career of the Iron Chancellor cannot be undermined, for he united Germany as we know it today, in his own way."
      }
    ]
  },
  {
    "name": "Boudicca",
    "production": 5,
    "food": 4,
    "gold": 6,
    "science": 7,
    "culture": 7,
    "happiness": 8,
    "faith": 8,
    "military": 6,
    "aggressive": 7,
    "declareWar": 6,
    "commerce": 5,
    "diplomacy": 4,
    "loyal": 6,
    "expansion": 5,
    "priorities": {
      "Tradition": 7,
      "Liberty": 5,
      "Honor": 6,
      "Commerce": 6,
      "Patronage": 5,
      "Piety": 8,
      "Rationalism": 7,
      "Freedom": 8,
      "Autocracy": 6,
      "Order": 6
    },
    "civilopediaText": [
      {
        "text": "The noble warrior fought with bravery and courage to gain the freedom of the Celtic people from the Roman subjugation, inspiring many others after her."
      }
    ]
  },
  {
    "name": "Casimir III",
    "production": 8,
    "food": 4,
    "gold": 7,
    "science": 4,
    "culture": 6,
    "happiness": 6,
    "faith": 7,
    "military": 8,
    "aggressive": 7,
    "declareWar": 6,
    "commerce": 6,
    "diplomacy": 7,
    "loyal": 7,
    "expansion": 7,
    "priorities": {
      "Tradition": 6,
      "Liberty": 7,
      "Honor": 6,
      "Commerce": 7,
      "Patronage": 6,
      "Piety": 7,
      "Rationalism": 4,
      "Freedom": 6,
      "Autocracy": 7,
      "Order": 5
    }
  },
  {
    "name": "Catherine",
    "production": 6,
    "food": 3,
    "gold": 5,
    "science": 8,
    "culture": 6,
    "happiness": 3,
    "faith": 6,
    "military": 5,
    "aggressive": 4,
    "declareWar": 4,
    "commerce": 7,
    "diplomacy": 7,
    "loyal": 6,
    "expansion": 8,
    "priorities": {
      "Tradition": 6,
      "Liberty": 8,
      "Honor": 3,
      "Commerce": 6,
      "Patronage": 7,
      "Piety": 8,
      "Rationalism": 10,
      "Freedom": 2,
      "Autocracy": 3,
      "Order": 6
    }
  },
  {
    "name": "Darius I",
    "production": 6,
    "food": 6,
    "gold": 7,
    "science": 5,
    "culture": 5,
    "happiness": 8,
    "faith": 6,
    "military": 7,
    "aggressive": 3,
    "declareWar": 4,
    "commerce": 5,
    "diplomacy": 6,
    "loyal": 8,
    "expansion": 5,
    "priorities": {
      "Tradition": 5,
      "Liberty": 6,
      "Honor": 3,
      "Commerce": 7,
      "Patronage": 4,
      "Piety": 7,
      "Rationalism": 6,
      "Freedom": 8,
      "Autocracy": 3,
      "Order": 7
    }
  },
  {
    "name": "Dido",
    "production": 5,
    "food": 5,
    "gold": 7,
    "science": 5,
    "culture": 4,
    "happiness": 5,
    "faith": 5,
    "military": 6,
    "aggressive": 7,
    "declareWar": 7,
    "commerce": 8,
    "diplomacy": 5,
    "loyal": 6,
    "expansion": 7,
    "priorities": {
      "Tradition": 3,
      "Liberty": 7,
      "Honor": 7,
      "Commerce": 8,
      "Patronage": 5,
      "Piety": 5,
      "Rationalism": 5,
      "Freedom": 5,
      "Autocracy": 6,
      "Order": 5
    }
  },
  {
    "name": "Elizabeth",
    "production": 6,
    "food": 4,
    "gold": 8,
    "science": 6,
    "culture": 6,
    "happiness": 5,
    "faith": 5,
    "military": 5,
    "aggressive": 4,
    "declareWar": 4,
    "commerce": 6,
    "diplomacy": 7,
    "loyal": 5,
    "expansion": 6,
    "priorities": {
      "Tradition": 6,
      "Liberty": 6,
      "Honor": 4,
      "Commerce": 8,
      "Patronage": 8,
      "Piety": 5,
      "Rationalism": 6,
      "Freedom": 5,
      "Autocracy": 4,
      "Order": 6
    }
  },
  {
    "name": "Enrico Dandolo",
    "production": 5,
    "food": 6,
    "gold": 8,
    "science": 5,
    "culture": 5,
    "happiness": 5,
    "faith": 7,
    "military": 5,
    "aggressive": 5,
    "declareWar": 3,
    "commerce": 8,
    "diplomacy": 6,
    "loyal": 3,
    "expansion": 3,
    "priorities": {
      "Tradition": 5,
      "Liberty": 3,
      "Honor": 2,
      "Commerce": 9,
      "Patronage": 8,
      "Piety": 7,
      "Rationalism": 5,
      "Freedom": 5,
      "Autocracy": 3,
      "Order": 5
    }
  },
  {
    "name": "Gajah Mada",
    "production": 5,
    "food": 5,
    "gold": 6,
    "science": 4,
    "culture": 6,
    "happiness": 6,
    "faith": 7,
    "military": 5,
    "aggressive": 4,
    "declareWar": 5,
    "commerce": 4,
    "diplomacy": 5,
    "loyal": 4,
    "expansion": 8,
    "priorities": {
      "Tradition": 6,
      "Liberty": 8,
      "Honor": 6,
      "Commerce": 6,
      "Patronage": 5,
      "Piety": 7,
      "Rationalism": 4,
      "Freedom": 6,
      "Autocracy": 6,
      "Order": 6
    }
  },
  {
    "name": "Gandhi",
    "production": 5,
    "food": 10,
    "gold": 4,
    "science": 6,
    "culture": 8,
    "happiness": 8,
    "faith": 8,
    "military": 3,
    "aggressive": 5,
    "declareWar": 2,
    "commerce": 6,
    "diplomacy": 7,
    "loyal": 7,
    "expansion": 3,
    "priorities": {
      "Tradition": 8,
      "Liberty": 3,
      "Honor": 1,
      "Commerce": 4,
      "Patronage": 4,
      "Piety": 9,
      "Rationalism": 7,
      "Freedom": 10,
      "Autocracy": 1,
      "Order": 5
    }
  },
  {
    "name": "Genghis Khan",
    "production": 6,
    "food": 5,
    "gold": 6,
    "science": 4,
    "culture": 5,
    "happiness": 5,
    "faith": 3,
    "military": 6,
    "aggressive": 8,
    "declareWar": 7,
    "commerce": 5,
    "diplomacy": 4,
    "loyal": 6,
    "expansion": 8,
    "priorities": {
      "Tradition": 4,
      "Liberty": 8,
      "Honor": 9,
      "Commerce": 6,
      "Patronage": 2,
      "Piety": 3,
      "Rationalism": 4,
      "Freedom": 5,
      "Autocracy": 8,
      "Order": 3
    }
  },
  {
    "name": "Gustavus Adolphus",
    "production": 6,
    "food": 5,
    "gold": 6,
    "science": 7,
    "culture": 5,
    "happiness": 5,
    "faith": 4,
    "military": 8,
    "aggressive": 4,
    "declareWar": 7,
    "commerce": 6,
    "diplomacy": 7,
    "loyal": 6,
    "expansion": 4,
    "priorities": {
      "Tradition": 5,
      "Liberty": 4,
      "Honor": 6,
      "Commerce": 6,
      "Patronage": 6,
      "Piety": 4,
      "Rationalism": 7,
      "Freedom": 5,
      "Autocracy": 6,
      "Order": 6
    }
  },
  {
    "name": "Haile Selassie",
    "production": 6,
    "food": 7,
    "gold": 6,
    "science": 4,
    "culture": 7,
    "happiness": 7,
    "faith": 7,
    "military": 4,
    "aggressive": 2,
    "declareWar": 3,
    "commerce": 4,
    "diplomacy": 7,
    "loyal": 7,
    "expansion": 4,
    "priorities": {
      "Tradition": 7,
      "Liberty": 4,
      "Honor": 3,
      "Commerce": 6,
      "Patronage": 4,
      "Piety": 7,
      "Rationalism": 4,
      "Freedom": 8,
      "Autocracy": 4,
      "Order": 8
    }
  },
  {
    "name": "Harald Bluetooth",
    "production": 5,
    "food": 5,
    "gold": 7,
    "science": 5,
    "culture": 5,
    "happiness": 5,
    "faith": 5,
    "military": 6,
    "aggressive": 7,
    "declareWar": 6,
    "commerce": 5,
    "diplomacy": 4,
    "loyal": 7,
    "expansion": 6,
    "priorities": {
      "Tradition": 4,
      "Liberty": 6,
      "Honor": 7,
      "Commerce": 7,
      "Patronage": 5,
      "Piety": 5,
      "Rationalism": 5,
      "Freedom": 5,
      "Autocracy": 7,
      "Order": 4
    }
  },
  {
    "name": "Harun al-Rashid",
    "production": 5,
    "food": 5,
    "gold": 8,
    "science": 7,
    "culture": 6,
    "happiness": 7,
    "faith": 8,
    "military": 5,
    "aggressive": 4,
    "declareWar": 3,
    "commerce": 6,
    "diplomacy": 5,
    "loyal": 6,
    "expansion": 5,
    "priorities": {
      "Tradition": 6,
      "Liberty": 5,
      "Honor": 2,
      "Commerce": 8,
      "Patronage": 4,
      "Piety": 9,
      "Rationalism": 8,
      "Freedom": 7,
      "Autocracy": 3,
      "Order": 6
    }
  },
  {
    "name": "Hiawatha",
    "production": 5,
    "food": 3,
    "gold": 6,
    "science": 4,
    "culture": 5,
    "happiness": 7,
    "faith": 7,
    "military": 4,
    "aggressive": 3,
    "declareWar": 4,
    "commerce": 3,
    "diplomacy": 5,
    "loyal": 8,
    "expansion": 9,
    "priorities": {
      "Tradition": 5,
      "Liberty": 9,
      "Honor": 2,
      "Commerce": 5,
      "Patronage": 4,
      "Piety": 8,
      "Rationalism": 5,
      "Freedom": 6,
      "Autocracy": 2,
      "Order": 7
    }
  },
  {
    "name": "Isabella",
    "production": 5,
    "food": 5,
    "gold": 7,
    "science": 3,
    "culture": 5,
    "happiness": 5,
    "faith": 8,
    "military": 5,
    "aggressive": 6,
    "declareWar": 6,
    "commerce": 6,
    "diplomacy": 3,
    "loyal": 5,
    "expansion": 7,
    "priorities": {
      "Tradition": 5,
      "Liberty": 7,
      "Honor": 5,
      "Commerce": 7,
      "Patronage": 3,
      "Piety": 8,
      "Rationalism": 3,
      "Freedom": 5,
      "Autocracy": 5,
      "Order": 4
    }
  },
  {
    "name": "Kamehameha I",
    "production": 5,
    "food": 3,
    "gold": 5,
    "science": 4,
    "culture": 6,
    "happiness": 8,
    "faith": 5,
    "military": 5,
    "aggressive": 3,
    "declareWar": 4,
    "commerce": 6,
    "diplomacy": 5,
    "loyal": 8,
    "expansion": 8,
    "priorities": {
      "Tradition": 5,
      "Liberty": 8,
      "Honor": 5,
      "Commerce": 5,
      "Patronage": 6,
      "Piety": 5,
      "Rationalism": 4,
      "Freedom": 7,
      "Autocracy": 5,
      "Order": 7
    }
  },
  {
    "name": "Maria Theresa",
    "production": 6,
    "food": 4,
    "gold": 8,
    "science": 5,
    "culture": 7,
    "happiness": 6,
    "faith": 6,
    "military": 5,
    "aggressive": 4,
    "declareWar": 4,
    "commerce": 8,
    "diplomacy": 5,
    "loyal": 6,
    "expansion": 5,
    "priorities": {
      "Tradition": 7,
      "Liberty": 5,
      "Honor": 4,
      "Commerce": 9,
      "Patronage": 9,
      "Piety": 6,
      "Rationalism": 5,
      "Freedom": 6,
      "Autocracy": 4,
      "Order": 6
    }
  },
  {
    "name": "Maria Theresa",
    "production": 5,
    "food": 4,
    "gold": 7,
    "science": 5,
    "culture": 5,
    "happiness": 6,
    "faith": 5,
    "military": 4,
    "aggressive": 5,
    "declareWar": 5,
    "commerce": 8,
    "diplomacy": 5,
    "loyal": 5,
    "expansion": 7,
    "priorities": {
      "Tradition": 5,
      "Liberty": 7,
      "Honor": 4,
      "Commerce": 8,
      "Patronage": 7,
      "Piety": 5,
      "Rationalism": 5,
      "Freedom": 6,
      "Autocracy": 4,
      "Order": 5
    }
  },
  {
    "name": "Montezuma I",
    "production": 5,
    "food": 5,
    "gold": 5,
    "science": 4,
    "culture": 6,
    "happiness": 6,
    "faith": 7,
    "military": 4,
    "aggressive": 9,
    "declareWar": 8,
    "commerce": 4,
    "diplomacy": 5,
    "loyal": 3,
    "expansion": 8,
    "priorities": {
      "Tradition": 6,
      "Liberty": 8,
      "Honor": 10,
      "Commerce": 5,
      "Patronage": 4,
      "Piety": 8,
      "Rationalism": 5,
      "Freedom": 6,
      "Autocracy": 9,
      "Order": 3
    }
  },
  {
    "name": "Napoleon",
    "production": 5,
    "food": 5,
    "gold": 4,
    "science": 7,
    "culture": 8,
    "happiness": 4,
    "faith": 3,
    "military": 6,
    "aggressive": 6,
    "declareWar": 8,
    "commerce": 6,
    "diplomacy": 3,
    "loyal": 2,
    "expansion": 8,
    "priorities": {
      "Tradition": 8,
      "Liberty": 8,
      "Honor": 10,
      "Commerce": 4,
      "Patronage": 7,
      "Piety": 3,
      "Rationalism": 7,
      "Freedom": 4,
      "Autocracy": 9,
      "Order": 3
    }
  },
  {
    "name": "Nebuchadnezzar II",
    "production": 5,
    "food": 6,
    "gold": 5,
    "science": 8,
    "culture": 5,
    "happiness": 5,
    "faith": 5,
    "military": 4,
    "aggressive": 4,
    "declareWar": 6,
    "commerce": 6,
    "diplomacy": 6,
    "loyal": 4,
    "expansion": 4,
    "priorities": {
      "Tradition": 6,
      "Liberty": 5,
      "Honor": 5,
      "Commerce": 5,
      "Patronage": 5,
      "Piety": 5,
      "Rationalism": 8,
      "Freedom": 5,
      "Autocracy": 5,
      "Order": 6
    }
  },
  {
    "name": "Oda Nobunaga",
    "production": 5,
    "food": 5,
    "gold": 6,
    "science": 4,
    "culture": 6,
    "happiness": 5,
    "faith": 4,
    "military": 8,
    "aggressive": 8,
    "declareWar": 7,
    "commerce": 3,
    "diplomacy": 7,
    "loyal": 3,
    "expansion": 8,
    "priorities": {
      "Tradition": 6,
      "Liberty": 8,
      "Honor": 9,
      "Commerce": 5,
      "Patronage": 6,
      "Piety": 5,
      "Rationalism": 5,
      "Freedom": 5,
      "Autocracy": 9,
      "Order": 5
    }
  },
  {
    "name": "Pacal",
    "production": 5,
    "food": 5,
    "gold": 5,
    "science": 8,
    "culture": 6,
    "happiness": 6,
    "faith": 8,
    "military": 5,
    "aggressive": 3,
    "declareWar": 4,
    "commerce": 3,
    "diplomacy": 6,
    "loyal": 7,
    "expansion": 4,
    "priorities": {
      "Tradition": 7,
      "Liberty": 4,
      "Honor": 3,
      "Commerce": 4,
      "Patronage": 4,
      "Piety": 8,
      "Rationalism": 8,
      "Freedom": 6,
      "Autocracy": 3,
      "Order": 7
    }
  },
  {
    "name": "Pachacuti",
    "production": 5,
    "food": 5,
    "gold": 8,
    "science": 5,
    "culture": 6,
    "happiness": 4,
    "faith": 6,
    "military": 6,
    "aggressive": 6,
    "declareWar": 5,
    "commerce": 8,
    "diplomacy": 4,
    "loyal": 5,
    "expansion": 6,
    "priorities": {
      "Tradition": 7,
      "Liberty": 6,
      "Honor": 4,
      "Commerce": 9,
      "Patronage": 3,
      "Piety": 6,
      "Rationalism": 5,
      "Freedom": 4,
      "Autocracy": 4,
      "Order": 5
    }
  },
  {
    "name": "Pedro II",
    "production": 6,
    "food": 7,
    "gold": 6,
    "science": 5,
    "culture": 7,
    "happiness": 8,
    "faith": 5,
    "military": 3,
    "aggressive": 4,
    "declareWar": 4,
    "commerce": 5,
    "diplomacy": 6,
    "loyal": 7,
    "expansion": 5,
    "priorities": {
      "Tradition": 7,
      "Liberty": 6,
      "Honor": 4,
      "Commerce": 6,
      "Patronage": 5,
      "Piety": 5,
      "Rationalism": 5,
      "Freedom": 9,
      "Autocracy": 3,
      "Order": 6
    }
  },
  {
    "name": "Pocatello",
    "production": 5,
    "food": 8,
    "gold": 5,
    "science": 5,
    "culture": 5,
    "happiness": 5,
    "faith": 5,
    "military": 5,
    "aggressive": 2,
    "declareWar": 5,
    "commerce": 5,
    "diplomacy": 5,
    "loyal": 6,
    "expansion": 8,
    "priorities": {
      "Tradition": 5,
      "Liberty": 8,
      "Honor": 5,
      "Commerce": 5,
      "Patronage": 5,
      "Piety": 5,
      "Rationalism": 5,
      "Freedom": 6,
      "Autocracy": 5,
      "Order": 8
    }
  },
  {
    "name": "Ramesses II",
    "production": 7,
    "food": 6,
    "gold": 6,
    "science": 5,
    "culture": 7,
    "happiness": 6,
    "faith": 7,
    "military": 3,
    "aggressive": 4,
    "declareWar": 3,
    "commerce": 4,
    "diplomacy": 5,
    "loyal": 4,
    "expansion": 5,
    "priorities": {
      "Tradition": 9,
      "Liberty": 6,
      "Honor": 4,
      "Commerce": 6,
      "Patronage": 5,
      "Piety": 8,
      "Rationalism": 6,
      "Freedom": 6,
      "Autocracy": 4,
      "Order": 7
    }
  },
  {
    "name": "Ram­khamhaeng",
    "production": 5,
    "food": 6,
    "gold": 5,
    "science": 5,
    "culture": 8,
    "happiness": 6,
    "faith": 6,
    "military": 5,
    "aggressive": 2,
    "declareWar": 5,
    "commerce": 6,
    "diplomacy": 8,
    "loyal": 7,
    "expansion": 6,
    "priorities": {
      "Tradition": 8,
      "Liberty": 6,
      "Honor": 5,
      "Commerce": 5,
      "Patronage": 5,
      "Piety": 7,
      "Rationalism": 6,
      "Freedom": 6,
      "Autocracy": 5,
      "Order": 8
    }
  },
  {
    "name": "Sejong",
    "production": 5,
    "food": 6,
    "gold": 5,
    "science": 8,
    "culture": 5,
    "happiness": 5,
    "faith": 5,
    "military": 4,
    "aggressive": 3,
    "declareWar": 4,
    "commerce": 4,
    "diplomacy": 6,
    "loyal": 8,
    "expansion": 5,
    "priorities": {
      "Tradition": 5,
      "Liberty": 5,
      "Honor": 4,
      "Commerce": 5,
      "Patronage": 4,
      "Piety": 6,
      "Rationalism": 9,
      "Freedom": 5,
      "Autocracy": 4,
      "Order": 7
    }
  },
  {
    "name": "Shaka",
    "production": 8,
    "food": 3,
    "gold": 6,
    "science": 3,
    "culture": 3,
    "happiness": 7,
    "faith": 3,
    "military": 7,
    "aggressive": 8,
    "declareWar": 8,
    "commerce": 5,
    "diplomacy": 3,
    "loyal": 8,
    "expansion": 11,
    "priorities": {
      "Tradition": 2,
      "Liberty": 11,
      "Honor": 9,
      "Commerce": 6,
      "Patronage": 5,
      "Piety": 2,
      "Rationalism": 2,
      "Freedom": 6,
      "Autocracy": 9,
      "Order": 5
    }
  },
  {
    "name": "Suleiman I",
    "production": 5,
    "food": 4,
    "gold": 5,
    "science": 6,
    "culture": 6,
    "happiness": 4,
    "faith": 5,
    "military": 6,
    "aggressive": 7,
    "declareWar": 5,
    "commerce": 6,
    "diplomacy": 7,
    "loyal": 5,
    "expansion": 8,
    "priorities": {
      "Tradition": 6,
      "Liberty": 8,
      "Honor": 8,
      "Commerce": 5,
      "Patronage": 6,
      "Piety": 6,
      "Rationalism": 7,
      "Freedom": 4,
      "Autocracy": 8,
      "Order": 4
    }
  },
  {
    "name": "Theodora",
    "production": 5,
    "food": 7,
    "gold": 5,
    "science": 6,
    "culture": 7,
    "happiness": 5,
    "faith": 7,
    "military": 5,
    "aggressive": 2,
    "declareWar": 4,
    "commerce": 8,
    "diplomacy": 7,
    "loyal": 5,
    "expansion": 4,
    "priorities": {
      "Tradition": 7,
      "Liberty": 4,
      "Honor": 4,
      "Commerce": 6,
      "Patronage": 6,
      "Piety": 7,
      "Rationalism": 6,
      "Freedom": 6,
      "Autocracy": 4,
      "Order": 8
    }
  },
  {
    "name": "George Washington",
    "production": 5,
    "food": 3,
    "gold": 6,
    "science": 6,
    "culture": 6,
    "happiness": 7,
    "faith": 4,
    "military": 5,
    "aggressive": 2,
    "declareWar": 4,
    "commerce": 5,
    "diplomacy": 7,
    "loyal": 7,
    "expansion": 7,
    "priorities": {
      "Tradition": 6,
      "Liberty": 7,
      "Honor": 7,
      "Commerce": 6,
      "Patronage": 6,
      "Piety": 5,
      "Rationalism": 7,
      "Freedom": 6,
      "Autocracy": 7,
      "Order": 8
    }
  },
  {
    "name": "William of Orange",
    "production": 5,
    "food": 3,
    "gold": 7,
    "science": 5,
    "culture": 6,
    "happiness": 8,
    "faith": 5,
    "military": 4,
    "aggressive": 5,
    "declareWar": 4,
    "commerce": 5,
    "diplomacy": 6,
    "loyal": 7,
    "expansion": 6,
    "priorities": {
      "Tradition": 6,
      "Liberty": 7,
      "Honor": 4,
      "Commerce": 7,
      "Patronage": 7,
      "Piety": 5,
      "Rationalism": 5,
      "Freedom": 7,
      "Autocracy": 4,
      "Order": 5
    }
  },
  {
    "name": "Wu Zetian",
    "production": 5,
    "food": 8,
    "gold": 5,
    "science": 8,
    "culture": 6,
    "happiness": 6,
    "faith": 5,
    "military": 4,
    "aggressive": 3,
    "declareWar": 4,
    "commerce": 6,
    "diplomacy": 7,
    "loyal": 4,
    "expansion": 6,
    "priorities": {
      "Tradition": 6,
      "Liberty": 6,
      "Honor": 7,
      "Commerce": 5,
      "Patronage": 7,
      "Piety": 6,
      "Rationalism": 9,
      "Freedom": 7,
      "Autocracy": 7,
      "Order": 7
    }
  }
]
