[
  // Each entry is a tutorial, but the tutorial may be spread over separate paragraphs.

  {
    "name": "Introduction",
    "steps": [
      "Welcome to Unciv!\nBecause this is a complex game, there are basic tasks to help familiarize you with the game.\nThese are completely optional, and you're welcome to explore the game on your own!"
    ]
  },

  // Civilopedia only, because players said this was too wall-of-text
  {
      "name": "New Game",
      "civilopediaText": [
          {"text": "Welcome to Unciv!"},
          {},
          {"text": "Because this is a complex game, there are some tutorials to help familiarize you with it. These can be disbaled in the Options -> Display menu, but please hang on if you're new here!"},
          {"separator": true },
          {"text": "Your first mission is to found your capital city. This is actually an important task because your capital city will probably be your most prosperous. Many game bonuses apply only to your capital city, and it will be the center of your empire."},
          {},
          {"text": "How do you know a city location is appropriate? Luckily, the game has already chosen a good location for you. You can settle in this place, or maybe move a turn to found on a Hill (for Production and defence) or next to a Mountain (to gain access to the Observatory building later on)."},
          {},
          {"text": "You'll likely want more cities later on. For these cities, you must go and find a good place. Looking for and founding on or near Luxury resources is a good rule of thumb."},
          {},
          {"text": "Luxury resources are tiles that have things like Gems, Cotton, or Silk (indicated by a yellow background of the resource icon). These resources make your civilization happy. You should also keep an eye out for resources needed to build units, such as Iron. Cities cannot be built within 3 tiles of existing cities, which is another thing to keep in mind!"},
          {},
          {"text": "Cities will house Citizens, which can work tiles up to 3 tiles away from the city. This means you don’t have to settle cities right on or next to good tiles. Let’s say, for example, that you want access to some Iron – but the resource is in a desert area. You don’t have to settle your city in the desert. You can settle a few tiles away in more prosperous lands. Your city will grow and eventually gain access to the resource. You only need to settle right on top of resources if you need them immediately."},
          {},
          {"text": "The first thing coming out of your city depends on the strategy you want to follow, but the 'classic' build order is to build first two Scouts, then a Shrine, and three Settlers, and adopt Tradition, to explore the map quickly (Scouts ignore terrain cost), and to get an early Pantheon (if you're playing with religion enabled)."},
          {"text": "But feel free to experiment with your own build orders!", "color": "#fa0"}
      ]
  },
  {
    "name": "Slow Start",
    "steps": [
      "In your first couple of turns, you will have very little options, but as your civilization grows, so do the number of things requiring your attention."
    ],
    "uniques": ["Will not be displayed in Civilopedia"]
  },
  {
    "name": "Culture and Policies",
    "steps": [
      "Each turn, the culture you gain from all your cities is added to your Civilization's culture.\nWhen you have enough culture, you may pick a Social Policy, each one giving you a certain bonus."	,
      "The policies are organized into branches, with each branch providing a bonus ability when all policies in the branch have been adopted."    ,
      "With each policy adopted, and with each city built,\n  the cost of adopting another policy rises - so choose wisely!"
    ]
  },
  {
    "name": "City Expansion",
    "steps": [
	"Once a city has gathered enough Culture, it will expand into a neighboring tile.\nYou have no control over the tile it will expand into, but tiles with resources and higher yields are prioritized.",
	"Each additional tile will require more culture, but generally your first cities will eventually expand to a wide tile range.",
	"Although your city will keep expanding forever, your citizens can only work 3 tiles away from city center.\nThis should be taken into account when placing new cities."
    ]
  },
    {
        "name": "Food",
        "civilopediaText": [
            {"text": "Food is the resource fundamental to your Cities', and as a result Nation's, population and health."},
            {"text": "Every Citizen in each City consumes Food per turn. Any left over is considered Growth and is stored in the City Center. Once enough accumulates, the City Grows and a new Citizen is added."},
            {"text": "Initially your main source of Food is the City Center itself and working a surrounding tile with a Citizen. You can increase how much is generated by gaining more Citizens to work more tiles, improving the tiles so that they yield more Food, and eventually Buildings and Policies."},
            {"text": "Since a city's number of Citizens, or Population, determines how many tiles a City can work, Food is often the most important Resource."}
        ]
    },
    {
        "name": "Production",
        "civilopediaText": [
            {"text": "Production is the resource that lets a City Center build new things."},
            {"text": "This can be new Buildings that are added to the City Center, or new Units that can go out across the World Map to advance your Nation's goals."},
            {"text": "Everything you can build has a Production Cost. Every turn each City generates a certain amount of Production and puts it towards whatever is at the top of the Build Queue. Once the total cost is collected, the Building or Unit is built!"},
            {"text": "Any excess Production after something is built is overflowed to the next thing the City builds. Up to it's total Production Cost."},
            {"text": "Since this determines how quickly you can build more stuff, your Nation's Production Capacity is crucial to it's advancement and survival."}
        ]
    },
    {
        "name": "Science",
        "civilopediaText": [
            {"text": "⍾Science is the resource that unlocks new and exciting Technologies for your Nation."},
            {"text": "Once you've Founded your Capital, you'll be prompted to Pick a Technology to Research."},
            {"text": "Every Technology costs an amount of ⍾Science. Every turn the ⍾Science your Nation produces is paid towards Researching your chosen Technology."},
            {"text": "Once a Technology has it's cost fully paid, you unlock the benefits for your Nation! This could be new Units, Buildings, or other advantages. Any surplus will overflow into the next Technology you pick to Research."},
            {"text": "Researching a Technology in the next Era will advance you into that Era and trigger a notification to other Nations about how amazing you are!"},
            {"text": "Since new Technologies tend to give access to better Units, Buildings, and even unlock powerful new Policies, staying ahead of the competition is one of the best ways to secure your Victory!"}
        ]
    },
    {
        "name": "Gold",
        "civilopediaText": [
            {"text": "Ah Gold. The Universal Medium of Exchange. Everyone loves Gold! They say it can't buy Happiness, but nuclear submarines are almost as good."},
            {"text": "You can earn more Gold from Tiles, Resources, Improvements, and eventually Buildings, Specialists, and Trade Routes. Ancient Ruins, meeting new City-States, and Pillaging are also great sources of Gold. During a Golden Age every Tile that already yields Gold will yield an additional Gold!"},
            {"text": "Gold is how you pay for Building Maintenance, Transportation Upkeep, and Unit Upkeep. If you run out of Gold, first you'll receive penalties to your ⍾Science production, then eventually your Units will start Disbanding as you can't pay their upkeep."},
            {"text": "Gold can be used to Buy Buildings and Units, helping bring up a new City or quickly build an Army. It can also buy Tiles to add to your City. It's also used to Upgrade your units from their older, obsolete forms to new, stronger versions. And investing it into a Research Agreement is a great way to convert it into ⍾Science."},
            {"text": "Gold is also very valuable in Diplomacy. You can directly Gift Gold to City-States to gain their favor. Use it to balance a Trade Deal with other Nations. Or demand every last drop after a successful war and your enemy sues for peace."},
            {"text": "Ironically, some may consider Gold to be one of the less important Resources. But it's flexible nature and importance to keep your Nation running makes it a precious thing to pay attention to. After all, everyone loves Gold."},
            {"text": "Not to be confused with the Resource of the same name, Gold Ore", "link": "Resources/Gold Ore"},
            {"text": "See also: Trade Route", "link": "Tutorials/Trade Route"},
            {"text": "See also: Golden Age", "link": "Tutorials/Golden Age"},
            {"text": "See also: Research Agreements", "link": "Tutorials/Research Agreements"}
        ]
    },
  {
    "name": "Happiness",
    "steps": [
      "As cities grow in size and influence, you have to deal with a happiness mechanic that is no longer tied to each individual city.\nInstead, your entire empire shares the same level of satisfaction.\nAs your cities grow in population you’ll find that it is more and more difficult to keep your empire happy."    ,
      "In addition, you can’t even build any city improvements that increase happiness until you’ve done the appropriate research.\nIf your empire’s happiness ever goes below zero the growth rate of your cities will be hurt.\nIf your empire becomes severely unhappy (as indicated by the smiley-face icon at the top of the interface)\n  your armies will have a big penalty slapped on to their overall combat effectiveness."    ,
      "This means that it is very difficult to expand quickly in Unciv.\nIt isn’t impossible, but as a new player you probably shouldn't do it.\nSo what should you do? Chill out, scout, and improve the land that you do have by building Workers.\nOnly build new cities once you have found a spot that you believe is appropriate."
    ]
  },
  {
    "name": "Unhappiness",
    "steps": [
      "It seems that your citizens are unhappy!\nWhile unhappy, your civilization will suffer many detrimental effects, increasing in severity as unhappiness gets higher.",
      "Unhappiness has two main causes: Population and cities.\n  Each city causes 3 unhappiness, and each population, 1",
      "There are 2 main ways to combat unhappiness:\n  by building happiness buildings for your population\n  or by having improved luxury resources within your borders."
    ]
  },
  {
    "name": "Golden Age",
    "steps": [
      "You have entered a Golden Age!\nGolden age points are accumulated each turn by the total happiness \n  of your civilization\nWhen in a golden age, culture and production generation increases +20%,\n  and every tile already providing at least one gold will provide an extra gold."
    ]
  },

  {
    "name": "Roads and Railroads",
    "civilopediaText": [
        {"text":"Roads reduce the Movement Points required to move between two tiles connected by Roads.","link":"Tile Improvements/Road"},
        {"text":"Railroads improve this reduction even more!","link":"Tile Improvements/Railroad"},
        {"text":"This greatly improves the speed you can get Units around the map."},
        {"text":"Until you research the technology that removes it, Roads do not cross Rivers"},
        {"text":"Connecting your cities to the capital by Roads and/or Railroads will generate Gold via the Trade Route.","link":"Tutorials/Trade Route"},
        {"text":"However, since each Road and Railroad have a Maintenance Cost, it may be more economical to wait until the cities grow and only place where needed."}
    ]
  },
  {
      "name": "Trade Route",
      "civilopediaText": [
          {"text":"Connecting your cities to the capital by Roads and/or Railroads will generate Gold via the Trade Route. You earn more Gold the more Population the City and your Capital has."},
          {"text":"Note that each road costs 1 Gold Maintenance per turn, and each Railroad costs 2 Gold, so it may be more economical to wait until the cities grow!"},
          {"text":"Railroads connecting a city to the Capital also provide a 25% Production Boost to the City, but not the Capital."},
          {"text":"Trade Routes are also connected over Water via certain buildings like the Harbor. As long as there is a chain that can reach the Capital, there's a Trade Route. Look for this symbol in Yellow below the City Name to mean you have an active Trade Route to your Capital."},
          {"extraImage":"CityStateIcons/Mercantile","imageSize": 20},
          {"text": "Trade Routes can get broken either by Blockades or by Removing/Pillaging the connecting Road/Railroad chain."},
          {"text": "See also City Blockade","link": "Tutorials/City Blockade"}
      ]
  },
  {
    "name": "Victory Types",
    "steps": [
      "Once you’ve settled your first two or three cities you’re probably 100 to 150 turns into the game.\nNow is a good time to start thinking about how, exactly, you want to win – if you haven’t already.",
      "There are four ways to win in Unciv. They are:\n - Cultural Victory: Complete 5 Social Policy Trees and build the Utopia Project\n - Domination Victory: Survive as the last civilization\n - Science Victory: Be the first to construct a spaceship to Alpha Centauri\n - Diplomatic Victory: Build the United Nations and win the vote",
      "So to sum it up, these are the basics of Unciv – Found a prosperous first city, expand slowly to manage happiness, and set yourself up for the victory condition you wish to pursue.\nObviously, there is much more to it than that, but it is important not to jump into the deep end before you know how to swim."
    ]
  },
  {
    "name": "Enemy City",
    "steps": [
      "Cities can be conquered by reducing their health to 1, and entering the city with a melee unit.\nSince cities heal each turn, it is best to attack with ranged units and use your melee units to defend them until the city has been defeated!"
    ]
  },
  {
    "name": "Luxury Resource",
    "steps": [
      "Luxury resources within your domain and with their specific improvement are connected to your trade network.\nEach unique Luxury resource you have adds 5 happiness to your civilization, but extra resources of the same type don't add anything, so use them for trading with other civilizations!"
    ]
  },
  {
    "name": "Strategic Resource",
    "steps": [
      "Strategic resources within your domain and with their specific improvement are connected to your trade network.\nStrategic resources allow you to train units and construct buildings that require those specific resources, for example the Horseman requires Horses.",
	  "Unlike Luxury Resources, each Strategic Resource on the map provides more than one of that resource.\nThe top bar keeps count of how many unused strategic resources you own.\nA full drilldown of resources is available in the Resources tab in the Overview screen."
    ]
  },
  {
    "name": "EnemyCityNeedsConqueringWithMeleeUnit",
    "steps": [
      "The city can no longer put up any resistance!\nHowever, to conquer it, you must enter the city with a melee unit"
    ],
    "uniques": ["Will not be displayed in Civilopedia"]
  },
  {
    "name": "After Conquering",
    "steps": [
      "When conquering a city, you can choose to liberate, annex, puppet, or raze the city.",
      "\nLiberating the city will return it to its original owner, giving you a massive diplomatic boost with them!\n\nAnnexing the city will give you full control over it, but also increase the citizens' unhappiness to 2x!\nThis can be mitigated by building a courthouse in the city, returning the citizen's unhappiness to normal.\n\nPuppeting the city will mean that you have no control on the city's production.\nThe city will not increase your tech or policy cost.\nA puppeted city can be annexed at any time, but annexed cities cannot be returned to a puppeted state!\n\nRazing the city will lower its population by 1 each turn until the city is destroyed!\nYou cannot raze a city that is either the starting capital of a civilization or the holy city of a religion."
    ]
  },
  {
    "name": "BarbarianEncountered",
    "steps": [
      "You have encountered a barbarian unit!\nBarbarians attack everyone indiscriminately, so don't let your \n  civilian units go near them, and be careful of your scout!"
    ],
    "uniques": ["Will not be displayed in Civilopedia"]
  },
  {
    "name": "OtherCivEncountered",
    "steps": [
      "You have encountered another civilization!\nOther civilizations start out peaceful, and you can trade with them,\n  but they may choose to declare war on you later on"
    ],
    "uniques": ["Will not be displayed in Civilopedia"]
  },
  {
    "name": "Apollo Program",
    "steps": [
      "Once you have completed the Apollo Program, you can start constructing spaceship parts in your cities\n (with the relevant technologies) to win a Scientific Victory!"
    ]
  },
  {
    "name": "Injured Units",
    "steps": [
      "Injured units deal less damage, but recover after turns that they have been inactive.\nUnits heal 10 health per turn in enemy territory or neutral land,\n  20 inside your territory and 25 in your cities."
    ]
  },
  {
    "name": "Workers",
    "steps": [
      "Workers are vital to your cities' growth, since only they can construct improvements on tiles.\nImprovements raise the yield of your tiles, allowing your city to produce more and grow faster while working the same amount of tiles!"
    ]
  },
  {
    "name": "Siege Units",
    "steps": [
      "Siege units are extremely powerful against cities, but need to be Set Up before they can attack.\nOnce your siege unit is set up, it can attack from the current tile,\n  but once moved to another tile, it will need to be set up again."
    ]
  },
  {
    "name": "Embarking",
    "steps": [
      "Once a certain tech is researched, your land units can embark, allowing them to traverse water tiles.\nEntering or leaving water takes the entire turn.",
      "Units are defenseless while embarked (cannot use modifiers), and have a fixed Defending Strength based on your tech Era, so be careful!\nRanged Units can't attack, Melee Units have a Strength penalty, and all have limited vision."
    ]
  },
  {
    "name": "Idle Units",
    "steps": [
      "Clicking 'Next unit' moves to the next idle unit in the queue (as listed in Overview -> Units). After issuing an order to an unit, if 'Auto Unit Cycle' in Options -> Gameplay is enabled, you will automatically select the next idle unit.",
        "If you don't want to move a unit this turn, you can skip it by clicking 'Next unit' again, or command the unit to 'Skip turn'.",
        "If you want to disable the 'Next unit' feature entirely, you can toggle it in Options -> Gameplay -> Check for idle units.",
        "If you'd rather 'Next unit' cycle the units and not mark them as Done, you can change it in the Options -> Gameplay menu.",
        "You can also cycle through the idle units using the left and right triangles on the Unit Table in the lower left of the screen. Or by default using the Cycle button next to the 'Next Unit' button."
    ]
  },
  {
    "name": "Contact Me",
    "steps": [
      "Hi there! If you've played this far, you've probably seen that the game is currently incomplete.\n Unciv is meant to be open-source and free, forever.\n That means no ads or any other nonsense.",
      "What motivates me to keep working on it, \n  besides the fact I think it's amazingly cool that I can,\n  is the support from the players - you guys are the best!",
      "Every rating and review that I get puts a smile on my face =)\n  So contact me! Send me an email, review, Github issue\n  or mail pigeon, and let's figure out how to make the game \n  even more awesome!\n(Contact info is in the Play Store)"
    ]
  },
  {
    "name": "Pillaging",
    "steps": [
      "Military units can pillage improvements, which heals them 25 health and ruins the improvement.\nThe tile can still be worked, but advantages from the improvement - stat bonuses and resources - will be lost.\nWorkers can repair these improvements, which takes less time than building the improvement from scratch.\nPillaging certain improvements will result in your units looting gold from the improvement."
    ]
  },
  {
    "name": "Experience",
    "steps": [
	"Units that enter combat gain experience, which can then be used on promotions for that unit.\nUnits gain more experience when in Melee combat than Ranged, and more when attacking than when defending.",
	"Units can only gain up to 30 XP from Barbarian units - meaning up to 2 promotions. After that, Barbarian units will provide no experience."
    ]
  },
  {
    "name": "Combat",
    "steps": [
	"Unit and cities are worn down by combat, which is affected by a number of different values.\nEach unit has a certain 'base' combat value, which can be improved by certain conditions, promotions and locations.",
	"Units use the 'Strength' value as the base combat value when melee attacking and when defending.\nWhen using a ranged attack, they will the use the 'Ranged Strength' value instead.",
	"Ranged attacks can be done from a distance, dependent on the 'Range' value of the unit.\nWhile melee attacks allow the defender to damage the attacker in retaliation, ranged attacks do not."
    ]
  },
  {
    "name": "Research Agreements",
      "steps": [
          "In research agreements, you and another civilization decide to jointly research technology.\nAt the end of the agreement, you will both receive a 'lump sum' of ⍾Science, which will go towards one of your unresearched technologies.",
          "The amount of ⍾Science you receive at the end is dependent on the ⍾Science generated by your cities and the other civilization's cities during the agreement - the more, the better!",
          "Note that before you can invest in a research agreement, you must have a Declaraction of Friendship, both Nations need the required Technology, and both Nations need enough Gold on hand for the agreement."
      ]
  },
  {
    "name": "Defensive Pacts",
    "steps": [
        "Defensive pacts allow you and another civ to protect one another from aggressors.\nOnce the defensive pact is signed, you will be drawn into their future defensive wars, just as they will be drawn into your future defensive wars. Declaring war on any Civ will remove all of your defensive pacts. You will have to re-sign them to use their effect.",
        "Be cautious when signing defensive pacts because they can bring you into wars that you might not want to be in.",
        "The AI is very careful and will not accept defensive pacts with less than 80 influence."
    ]
  },
  {
    "name": "City-States",
    "steps": [
	"Not all nations are contending with you for victory.\nCity-States are nations that can't win, can't be traded with, and instead confer certain bonuses to friendly civilizations.",
	"Instead, diplomatic relations with City-States are determined by Influence - a meter of 'how much the City-State likes you'.\nInfluence can be increased by attacking their enemies, liberating their city, and giving them sums of gold.",
	"Certain bonuses are given when you are at above 30 influence.\nWhen you have above 60 Influence, and you have the highest influence with them of all civilizations, you are considered their 'Ally', and gain further bonuses and access to the Luxury and Strategic resources in their lands."
    ]
  }, 
  {
    "name": "Specialists",
    "civilopediaText": [
        {"text":"While working the land is good, eventually your Citizens will want to Specialize."},
        {"text":"Certain Buildings will also provide Specialist Slots. These slots will show up in the Citizen Management within the City Screen under Specialists. Each slot can be filled with a Citizen which will then become a Specialist."},
        {"text": "Each Specialist will generate a certain amount of yield as indicated to the right of the available slots."},
        {"text": "While these are a great way to specialize the yield production of a City outside of the surrounding Tile Yields, Specialists have an additional value. Each one also generates Great Person Points each turn. With enough of them, a new Great Person will join your Nation."},
        {"text": "See also Great People","link": "Tutorials/Great People"}
    ]
  },
  {
    "name": "Great People",
    "civilopediaText": [
        {"text": "Certain buildings, and specialists in cities, generate Great Person points per turn.\nThere are several types of Great People, and their points accumulate separately.\nThe number of points per turn and accumulated points can be viewed in the Overview screen."},
        {"text": "Alternatively, the Great Person points breakdown per city can be viewed in each City Screen (see UI Tips article)."},
        {"text": "Once enough points have been accumulated, a Great Person of that type will be created!\nEach Great Person can construct a certain Great Improvement which gives large yields over time, or immediately consumed to provide a certain bonus now."},
        {"text": "Great Improvements also provide any strategic resources that are under them, so you don't need to worry if resources are revealed underneath your improvements!"},
        {"text": "See also Specialists","link": "Tutorials/Specialists"}
    ]
  },
  {
    "name": "Removing Terrain Features",
    "steps": [
	"Certain tiles have terrain features - like Flood plains or Forests -  on top of them. Some of these layers, like Jungle, Marsh and Forest, can be removed by workers.\nRemoving the terrain feature does not remove any resources in the tile, and is usually required in order to add improvements exploiting those resources."
    ]
  },
  {
    "name": "Natural Wonders",
    "steps": [
    "Natural Wonders, such as the Mt. Fuji, the Rock of Gibraltar and the Great Barrier Reef, are unique, impassable terrain features, masterpieces of mother Nature, which possess exceptional qualities that make them very different from the average terrain.\nThey benefit by giving you large sums of Culture, ⍾Science, Gold or Production if worked by your Cities, which is why you might need to bring them under your empire as soon as possible."
    ]
  },
  {
    "name": "Keyboard",
      "civilopediaText": [
          {"text": "If you have a keyboard, some shortcut keys become available. Unit command or improvement picker keys, for example, are shown directly in their corresponding buttons."},
          {"text": "On the world screen the hotkeys are as follows:"},
          {"text": "Space or 'N' - Next unit or turn\n'E' - Empire overview (last viewed page)\n'+', '-' - Zoom in / out\nHome - center on capital or open its City Screen if already centered"},
          {"text": "F1 - Open Civilopedia\nF2 - Empire overview Trades\nF3 - Empire overview Units\nF4 - Empire overview Diplomacy\nF5 - Social policies\nF6 - Technologies\nF7 - Empire overview Cities\nF8 - Victory Progress\nF9 - Empire overview Stats\nF10 - Empire overview Resources\nF11 - Quicksave\nF12 - Quickload"},
          {"text": "Ctrl-R - Toggle tile resource display\nCtrl-Y - Toggle tile yield display\nCtrl-O - Game options\nCtrl-S - Save game\nCtrl-L - Load game\nCtrl-U - Toggle UI (World Screen only)"},
          {},
          {"text": "All of these can be reassigned.", "link": "Tutorial/Keyboard Bindings"}
    ]
  },
  {
    "name": "World Screen",
    "civilopediaText": [{"extraImage":"World_Screen"}],
    "steps": [
    "",
    "This is where you spend most of your time playing Unciv. See the world, control your units, access other screens from here.",
    "",
    "①: The menu button - civilopedia, save, load, options...",
    "②: The player/nation whose turn it is - click for diplomacy overview.",
    "③: The Technology Button - shows the tech tree which allows viewing or researching technologies.",
    "④: The Social Policies Button - shows enacted and selectable policies, and with enough culture points you can enact new ones.",
    "⑤: The Diplomacy Button - shows the diplomacy manager where you can talk to other civilizations.",
    "⑥: Unit Action Buttons - while a unit is selected its possible actions appear here.",
    "⑦: The unit/city info pane - shows information about a selected unit or city.",
    "⑧: The name (and unit icon) of the selected unit or city, with current health if wounded. Clicking a unit name or icon will open its civilopedia entry.",
    "⑨: The arrow buttons allow jumping to the next/previous idle unit.",
    "⑩: For a selected unit, its promotions appear here, and clicking leads to the promotions screen for that unit.",
    "⑪: Remaining/per turn movement points, strength and experience / XP needed for promotion. For cities, you get its combat strength.",
    "⑫: This button closes the selected unit/city info pane.",
    "⑬: This pane appears when you order a unit to attack an enemy. On top are attacker and defender with their respective base strengths.",
    "⑭: Below that are strength bonuses or penalties and health bars projecting before / after the attack.",
    "⑮: The Attack Button - let blood flow!",
    "⑯: The minimap shows an overview over the world, with known cities, terrain and fog of war. Clicking will position the main map.",
    "⑰: To the side of the minimap are display feature toggling buttons - tile yield, worked indicator, show/hide resources. These mirror setting on the options screen and are hidden if you deactivate the minimap.",
    "⑱: Tile information for the selected hex - current or potential yield, terrain, effects, present units, city located there and such. Where appropriate, clicking a line opens the corresponding civilopedia entry.",
    "⑲: Notifications - what happened during the last 'next turn' phase. Some are clickable to show a relevant place on the map, some even show several when you click repeatedly.",
    "⑳: The Next Turn Button - unless there are things to do, in which case the label changes to 'next unit', 'pick policy' and so on.",
    "㉑: The Multiplayer Button - Here you can easily check your active multiplayer games.",
    "ⓐ: The overview button leads to the empire overview screen with various tabs (the last one viewed is remembered) holding vital information about the state of your civilization in the world.",
    "ⓑ: The ♪Culture icon shows accumulated ♪Culture and ♪Culture needed for the next policy - in this case, the exclamation mark tells us a next policy can be enacted. Clicking is another way to the policies manager.",
    "ⓒ: Your known strategic resources are displayed here with the available (usage already deducted) number - click to go to the resources overview screen.",
    "ⓓ: Happiness/unhappiness balance and either golden age with turns left or accumulated happiness with amount needed for a golden age is shown next to the smiley. Clicking also leads to the resources overview screen as luxury resources are a way to improve happiness.",
    "ⓔ: The ⍾Science icon shows the number of ⍾Science points produced per turn. Clicking leads to the technology tree.",
    "ⓕ: Number of turns played with translation into calendar years. Click to see the victory overview.",
    "ⓖ: The number of gold coins in your treasury and income. Clicks lead to the Stats overview screen.",
    "ⓗ: The quantity of ☮Faith your citizens have generated, or 'off' if religion is disabled. Clicking it makes you go to the religion overview screen.",
    "ⓧ: In the center of all this - the world map! Here, the \"X\" marks a spot outside the map. Yes, unless the wrap option was used, Unciv worlds are flat. Don't worry, your ships won't fall off the edge.",
    "ⓨ: By the way, here's how an empire border looks like - it's in the national colours of the nation owning the territory.",
    "ⓩ: And this is the red targeting circle that led to the attack pane back under ⑬.",
    "What you don't see: The phone/tablet's back button will pop the question whether you wish to leave Unciv and go back to Real Life. On desktop versions, you can use the ESC key."
    ]
  },
  {
    "name": "AutoPlay",
    "steps": ["When at later stages of the game, you might have a lot of units but only a little to do. To help you we have implemented an AutoPlay feature that lets you use the AI to play part or all of your turn.",
      "To enable AutoPlay, go to options and open the AutoPlay tab and press \"Show AutoPlay button\".",
      "Clicking on the AutoPlay button opens a popup menue for choosing to AutoPlay parts or all of your turn.",
      "Clicking Start AutoPlay in the pop-up menue or long pressing the AutoPlay button begins the multi-turn AutoPlay. This will play your next turns as if you were an AI.",
      "To cancel multi-turn AutoPlay you can press the AutoPlay button, next turn button or open the options menue.",
      "Multi-turn AutoPlay is not advised on harder difficulty levels as your AI will not play better against an AI with modifiers.",
      "Multi-turn AutoPlay for multiplayer is not yet supported."
    ]
  },
  {
    "name": "Faith",
    "steps": [
        "After building a shrine, your civilization will start generating ☮Faith.",
        "When enough ☮Faith has been generated, you will be able to found a pantheon.",
        "A pantheon will provide a small bonus for your civilization that will apply to all cities that have it as a majority religion.",
        "Each civilization can only choose a single pantheon belief, and each pantheon can only be chosen once.",
        "Generating more ☮Faith will allow you to found a religion."
      ],
    "uniques": ["Only available <when religion is enabled>"]
  },
  {
    "name": "Religion",
    "steps": [
        "Keep generating ☮Faith, and eventually a great prophet will be born in one of your cities.",
        "This great prophet can be used for multiple things: Constructing a holy site, founding a religion and spreading your religion.",
        "When founding your religion, you may choose another two beliefs. The founder belief will only apply to you, while the follower belief will apply to all cities following your religion.",
        "Additionally, the city where you used your great prophet will become the holy city of that religion.",
        "Once you have founded a religion, great prophets will keep being born every so often, though the amount of Faith☮ you have to save up will be higher.",
        "One of these great prophets can then be used to enhance your religion.",
        "This will allow you to choose another follower belief, as well as an enhancer belief, that only applies to you.",
        "Do take care founding a religion soon, only about half the players in the game are able to found a religion!"
      ],
    "uniques": ["Only available <when religion is enabled>"]
  },
  {
    "name": "Beliefs",
    "steps": [
        "There are four types of beliefs: Pantheon, Founder, Follower and Enhancer beliefs.",
        "Pantheon and Follower beliefs apply to each city following your religion, while Founder and Enhancer beliefs only apply to the founder of a religion."
      ],
    "uniques": ["Only available <when religion is enabled>"]
  },
  {
    "name": "Religion inside cities",
    "steps": [
        "When founding a city, it won't follow a religion immediately.",
        "The religion a city follows depends on the total pressure each religion has within the city.",
        "Followers are allocated in the same proportions as these pressures, and these followers can be viewed in the City Screen.",
        "You are allowed to check religious followers and pressures in cities you do not own by selecting them.",
        "In both places, a tap/click on the icon of a religion will show detailed information with its effects.",
        "Based on this, you can get a feel for which religions have a lot of pressure built up in the city, and which have almost none.",
        "The city follows a religion if a majority of its population follows that religion, and will only then receive the effects of Follower and Pantheon beliefs of that religion."
      ],
    "uniques": ["Only available <when religion is enabled>"]
  },
  {
    "name": "Spreading Religion",
    "steps": [
        "Spreading religion happens naturally, but can be sped up using missionaries or great prophets.",
        "Missionaries can be bought in cities following a major religion, and will take the religion of that city.",
        "So do take care where you are buying them! If another civilization has converted one of your cities to their religion, missionaries bought there will follow their religion.",
        "Great prophets always have your religion when they appear, even if they are bought in cities following other religions, but captured great prophets do retain their original religion.",
        "Both great prophets and missionaries are able to spread religion to cities when they are inside its borders, even cities of other civilizations.",
        "These two units can even enter tiles of civilizations with whom you don't have an open borders agreement!",
        "But do take care, missionaries will lose 250 religious strength each turn they end while in foreign lands.",
        "This diminishes their effectiveness when spreading religion, and if their religious strength ever reaches 0, they have lost their faith and disappear.",
        "When you do spread your religion, the religious strength of the unit is added as pressure for that religion.",
        "",
        "Cities also passively add pressure of their majority religion to nearby cities.",
        "Each city provides +6 pressure per turn to all cities within 10 tiles, though the exact amount of pressure depends on the game speed.",
        "This pressure can also be seen in the City Screen, and gives you an idea of how religions in your cities will evolve if you don't do anything.",
        "Holy cities also provide +30 pressure of the religion founded there to themselves, making it very difficult to effectively convert a holy city.",
        "Lastly, before founding a religion, new cities you settle will start with 200 pressure for your pantheon.",
        "This way, all your cities will starting following your pantheon as long as you haven't founded a religion yet."
      ],
    "uniques": ["Only available <when religion is enabled>"]
  },
  {
    "name": "Inquisitors",
    "steps": [
        "Inquisitors are the last religious unit, and their strength is removing other religions.",
        "They can remove all other religions from one of your own cities, removing any pressures built up.",
        "Great prophets also have this ability, and remove all other religions in the city when spreading their religion.",
        "Often this results in the city immediately converting to their religion",
        "Additionally, when an inquisitor is stationed in or directly next to a city center, units of other religions cannot spread their faith there, though natural spread is unaffected."
      ],
    "uniques": ["Only available <when religion is enabled>"]
  },
  {
    "name": "Maya Long Count calendar cycle",
    "steps": [
      "The Mayan unique ability, 'The Long Count', comes with a side effect:",
      "Once active, the game's year display will use mayan notation.",
      "",
      "The Maya measured time in days from what we would call 11th of August, 3114 BCE. A day is called K'in, 20 days are a Winal, 18 Winals are a Tun, 20 Tuns are a K'atun, 20 K'atuns are a B'ak'tun, 20 B'ak'tuns a Piktun, and so on.",
      "Unciv only displays ය B'ak'tuns, ඹ K'atuns and ම Tuns (from left to right) since that is enough to approximate gregorian calendar years. The Maya numerals are pretty obvious to understand. Have fun deciphering them!"
      ]
  },
  {
    "name": "We Love The King Day",
    "steps": [
        "Your cities will periodically demand different luxury goods to satisfy their desire for new things in life.",
        "If you manage to acquire the demanded luxury by trade, expansion, or conquest, the city will celebrate We Love The King Day for 20 turns.",
        "During the We Love The King Day, the city will grow 25% faster.",
        "This means exploration and trade is important to grow your cities!"
    ]
  },
  {
    "name": "Air Combat and Interception",
    "civilopediaText": [
        {"text":"Air Combat is very similar to normal Combat, with a few wrinkles. Damage is still dealt using the same equations based on the relative Strength of the Attacking and Defending Unit."},
        {"text":"However, before the Attacker and Defender fight, there is an added combat phase called Interception. If there is any unit with Interception Range that covers the target attacked tile, then it will attempt to Intercept the Attacking Air Unit. If multiple units can Intercept, the one with higher Intercept chance does it."},
        {"text":"Generally Land/Naval Units have an Intercept Range of 2 Tiles, and Air Units have an Intercept Range of their Attack Range."},
        {"text":"Ground and Naval Units don't require movement points to Intercept, just Attacks. Air Units cannot have moved nor attacked in the preceding turn."},
        {"text":"The Intercepting Unit rolls to see if it hits. Whether it hits or not costs an Attack, and most units (without Promotions) can only Attack Once per Nation's Turn. It does NOT cost Movement Points, but Air Units that have used their Movement cannot Intercept between turns."},
        {"text":"If the Intercepting Unit Hits, it deals damage according to the Combat Strength calculation to the Attacking Air Unit, potentially with any Strength Bonuses that apply to Interception. It does not receive damage from the Attacking Air Unit."},
        {"text":"After Interception resolves, the Attacking Air Unit and the Defending Unit in the targeted tile do Combat as normal, with damage dealt to both sides."},
        {"text":"To help deal with Interceptions, see Air Sweeps.","link": "Tutorials/Air Sweeps"}
    ]
  },
  {
    "name": "Air Sweeps",
    "steps": [
        "Fighter units are able to perform Air Sweeps over a tile helping clear out potential enemy Air, Sea, or Land Interceptions that can reach that tile.",
        "While this Action will take an Attack, the benefit is drawing out Interceptions to help protect your other Air Units. Especially your Bombers.",
        "Your unit will always draw an Interception, if one can reach the target tile, even if the Intercepting unit has a chance to miss.",
        "If the Interceptor is not an Air Unit (eg Land or Sea), the Air Sweeping unit and Interceptor take no damage!",
        "If the Interceptor is an Air Unit, the two units will damage each other in a straight fight with no Interception bonuses. And only the Attacking Air Sweep Unit gets any Air Sweep strength bonuses."
    ]
  },
  {
    "name": "Fortify, Guard, Withdraw",
    "civilopediaText": [
        {"text": "Most Land units have the ability to Fortify. As they spend time without moving, they will slowly gain a Fortification Bonus to their Combat Strength representing digging in and preparing in case of an attack."},
        {"text":"Some units have the ability to Withdraw before a melee attack is struck. However, perhaps you wish for them to stand their ground to protect a particular tile. If you do, then give them the Guard command and they will stay fixed until they die or you give them fresh orders."},
        {"text":"This is NOT the same as Fortify but they will still gain the Fortification Bonus. They will simply not utilize their Withdraw ability. Fortified units with the Withdraw ability will try to flee when attacked."}
    ]
  },
  {
    "name": "City Tile Blockade",
    "steps": [
        "One of your tiles is blocked by an enemy: when an enemy unit stands on a tile you own, the tile will not produce yields and cannot be worked by a city this turn. City will reallocate population from a blocked tile automatically.",
        "Enemy military land units block tiles they are standing on. Enemy military naval units additionally block adjacent water tiles. To protect your tiles from blockade, place a friendly military unit on it or fight off invaders."
    ]
  },
  {
    "name": "City Blockade",
    "steps": [
        "One of your cities is under a naval blockade! When all adjacent water tiles of a coastal city are blocked - city loses harbor connection to all other cities, including capital. Make sure to de-blockade cities by deploying friendly military naval units to fight off invaders."
    ]
  },
  {
    "name": "Espionage",
    "civilopediaText": [
      {"text": "Spies!", "header": 2, "color": "red", "centered": true},
      {"extraImage": "OtherIcons/EspionageTutorial", "imageSize": 200},
      {"text":"The first time a civ reaches the Renaissance era each nation gets one spy. Every time a civ reaches an era afterwards they get one more spy."},
      {"text":"Spies can be sent out to foreign cities to steal technology, rigging elections or stage coups. Place them in your own cities to do counter-intelligence work."},
      {"text":"Only one spy per civ is allowed in each city. Spies that are not in any city are on vacation in your spy hideout."},
      {},
      {"text":"Spies set up in cities of major civilizations will try to steal technology at a rate which is based off of the science production in the city. Succeeding to steal technology will level up your spy. Failing to succeed will level up the defending spy if it is present.","starred":true},
      {"text":"Spies set in city-states will try to rig the elections in order to gain influence and reduce the influence of other civilizations. Only one spy partaking in rigging the election can win.","starred":true},
      {"text":"A spy that is rigging an election in a city-state may also stage a coup. The likelihood of success for the coup depends on your relative influence to the current ally of the city-state, your spy level, and the level of the spy that the current ally has in the city-state if present. Succeeding a coup will make you their new ally and reduce the influence of all other civs. Failing a coup will kill your spy and level up the defending spy if present.","starred":true},
      {"text":"Spies that are set up in your own cities will be conducting counter-intelligence. They reduce the success chance of other spies trying to steal your technology.","starred":true},
      {},
      {"text":"Spies at a higher rank have a higher chance of success. The max rank a spy can reach is rank 3. After a spy is killed it will revive after a certain amount of turns back at rank 1."},
      {"text":"Building buildings like the constabulary and police station will reduce the technology steal rate of spies in that city."},
      {},
      {"text":"Espionage is available using the Gods and Kings ruleset. To enable it in a new game click advanced settings, then click on the Enable Espionage option."}
    ]
  },
    {
        "name": "Keyboard Bindings",
        "civilopediaText": [
            {"text":"Limitations","header":3},
            {"text":"This is a work in progress.","color":"FIREBRICK","starred":true},
            {"text":"For technical reasons, only direct keys or Ctrl-Letter combinations can be used.","starred":true},
            {},
            {"text":"Using the Keys page","header":3},
            {"text":"Each binding has a button with an image looking like this:"},
            {"extraImage":"OtherIcons/Keyboard","imageSize":36},
            {"text":"While hovering the mouse over the key button, you can press a desired key directly to assign it."},
            {"text":"Double-click the image to reset the binding to default."},
            {},
            {"text":"Bindings mapped to their default keys are displayed in gray, those reassigned by you in white."},
            {"text":"Conflicting assignments are marked red. Conflicts can exist across categories, like World Screen / Unit Actions. Note that at the moment, the game does not prevent saving conflicting assignments, though the result may be unexpected."},
            {},
            {"text":"For discussion about missing entries, see the linked github issue.","link":"https://github.com/yairm210/Unciv/issues/8862"}
        ]
    },
    {
        "name": "Civilopedia",
        "civilopediaText": [
            {"text":"Welcome to the Civilopedia!","header":4,"color": "#fa0"},
            {"text":"Here you can find information - general help, rules, and what makes up the game world."},
            {},
            {"text":"How to find information","header":4},
            {"text":"Select categories with the buttons on top of the screen. Also up there is the button to leave Civilopedia and go back to where you were before.","starred":true,"color":"#666"},
            {"text":"Each category has a list of entries on the left of the screen, sorted alphabetically (with few exceptions). Clicking an entry will update the center pane were you are currently reading this.","starred":true,"color":"#666"},
            {"text":"Lines can link to other Civilopedia entries, they are marked with a chain link symbol like this one. You can click anywhere on the line to follow the link.", "link":"Tutorial/Introduction"},
            {"text":"The current category is special - all articles on general concepts are here. It is called 'Tutorials' because you can revisit these here, too.","starred":true,"color":"#666"},
            {},
            {"text":"What information can I find","header":4},
            {"text":"The data shown is not dependent on your current game's situation, e.g. bonuses for the nation you are playing or difficulty modifiers will not affect the numbers."},
            {"text":"However, it will reflect the mods you are playing! The combination of base ruleset and extension mods you select define the rules of a game, what objects exist and how they interact, and the Civilopedia mirrors these rules."},
            {"text":"If you opened the Civilopedia from the main menu, the \"Ruleset\" will be that of the last game you started."},
            {},
            {"text":"Keyboard","header":4},
            {"text":"Letters can select categories, and when there are multiple categories matching the same letter, you can press that repeatedly to cycle between these.","starred":true,"color":"#666"},
            {"text":"The arrow keys allow navigation as well - left/right for categories, up/down for entries.","starred":true,"color":"#666"}
        ]
    },
    {
        "name": "UI Tips",
        "civilopediaText": [
            {},
            {"text":"World screen","header":3},
            {},
            {"text":"Skip all units to end a turn quickly","header":5,"color":"#fa0"},
            {"text":"Right-click or long press the \"Next unit\" button to open a popup menu which allows to end a turn without having to cycle through all units. If some units are automated, a dedicated button is available to move them before ending the turn."},
            {},
            {"text":"Toggle notification list display","header":5,"color":"#fa0"},
            {"text":"On the World screen, swipe the notification list to the right to temporarily hide it. Click the \"Bell\" button to display them again."},
            {"text":"The default state for the notification list can be set in Options > Display > UI - Notifications on world screen."},
            {},
            {"text":"Entering a City Screen quickly","header":5,"color":"#fa0"},
            {"text":"You can Right-click or long press a city button on the World screen. The result is the same as tapping it twice - once to select and move the button, again to trigger a reaction: show the City Screen (if the city is yours to inspect), or offer the foreign city info popup."},
            {},
            {"text":"Upgrade multiple units of the same type","header":5,"color":"#fa0"},
            {"text":"On the World screen, select an unit that can be upgraded, then right-click or long press the \"Upgrade\" button to open a popup menu allowing to upgrade all units of this type at once."},
            {"text":"In the Units overview, the same upgrade menu is available by clicking the unit icon in the \"Upgrade\" column. When an unit is upgradeable, the icon is lit if conditions are met (enough gold and/or resources), otherwise it is dimmed."},
            {},
            {},
            {"text":"City Screen","header":3},
            {},
            {"text":"Additional controls for the construction queue","header":5,"color":"#fa0"},
            {"text":"Right-click or long press a construction item to open a popup menu with additional controls, allowing to manage production of the same item in all cities, by issuing the commands from the same City Screen."},
            {"text":"The \"Disable\" option moves an item to a separated \"Disabled\" tab, preventing its automatic queueing by the \"Auto-assign city production\" option. To move a disabled item back to its initial place, enter again the popup menu, and choose \"Enable\"."},
            {"text":"Disabled items are set globally and persistent: they are not reset in a new game, or by restarting Unciv."},
            {},
            {"text":"Show Great Person Points breakdown","header":5,"color":"#fa0"},
            {"text":"In the right sidepanel, click a Great People row to display the details of Great Person Points (GPP) accumulated each turn by the current city, for this type of Great People."},
            {"text":"Click any of the Great People icons to display all GPP accumulated each turn by the current city, for all types of Great People."},
            {},
            {},
            {"text":"Tech screen","header":3},
            {},
            {"text":"Queue multiple technologies in different branches","header":5,"color":"#fa0"},
            {"text":"On the Tech screen, right-click or long press a technology to automatically queue it, even if this tech is in another branch than the item currently researched. Prerequisite techs to research will also be automatically queued."},
            {"text":"Right-click or long press multiple techs to append them to the research queue, whatever their branch is."},
            {},
            {},
            {"text":"Overview screens","header":3},
            {},
            {"text":"Reveal known resources on world screen","header":5,"color":"#fa0"},
            {"text":"In the Resources overview, click on a resource icon to center the world screen on tiles already discovered and providing this resource."},
            {"text":"Alternatively, click on the \"Unimproved\" number to center the world screen only on owned (by you or your allied City-states) tiles where the resource is not improved."},
            {"text":"If more than one tile is available, click repeatedly on the notification to cycle through all of them."},
            {},
            {"text":"Show diagram line colors","header":5,"color":"#fa0"},
            {"text":"In Politics overview > Show diagram, you can click anywhere inside the diagram to display a table listing all relationship line colors and their meaning."},
            {},
            {},
            {"text":"Miscellaneous","header":3},
            {},
            {"text":"External links","header":5,"color":"#fa0"},
            {"text":"External links support right-click or long press to copy the link to the clipboard instead of launching the browser."},
            {"text":"Example: The 'Open Github page' button on the Mod management screen."}
        ]
    },
    {
        "name": "Differences from Civilization V",
        "civilopediaText": [
            {},
            {"text":"Production Focus\nIn Civilization V, the Food yield in a city is calculated first, then population grows by consuming stored food (growth), then production is calculated, and so on one by one the other stats are calculated. Thus, citizens can produce yields in the same turn as they are born. The city focus is set to Production to assign the newborn citizen to a hill so they'll contribute Production, and then manually reassigned to a growth tile on the next turn. Alternatively, you can set city focus to Gold (e.g. with Cerro de Potosi), Faith (e.g. with Mount Sinai) or whatever gains the most yields. In Unciv, citizens only start producing yields on the next turn, so you can ignore this whole concept."},
            {},
            {"text":"Science Queueing\nIn Civilization V, Science yield is calculated after production, so if you finish an item and have Science (or Gold) queued as a perpetual construction, the Production overflow from item will be converted into Science (or Gold), but the Production is not consumed, as this will only happen again on the next turn. By immediately swapping out your perpetual construction for an item on the next turn, you'll get this Science (or Gold) for free. This doesn't apply to Unciv, so don't bother."},
            {},
            {"text":"Double Aqueducts\nIn Civilization V, the game sells existing copies of the building for you before providing a free copy of the building. So, if you build an aqueduct in a city, and then in the turn of adopting Tradition Complete you sell a cheap building (e.g a shrine) beforehand, the game is unable to sell more than 1 building per turn, and thus you'll keep your aqueduct, together with the new free aqueduct. Not applicable to Unciv."},
            {},
            {"text":"Legalism Oxford\nIn Civilization V, national wonders such as Oxford University are considered culture buildings, so you can get them for free with Legalism. Not applicable to Unciv."},
            {},
            {"text":"Roads and Forts\nIn Civilization V, you can't use roads and forts in enemy territory. In Unciv, you can use them, so instead of mindlessly constructing them everywhere when at war, you need to decide if and when they'll benefit you more than your opponents."},
            {},
            {"text":"Citizen Conversion\nIn Civilization V, a citizen is born religious if the parent city is already converted. This is not the case in Unciv, which can lead to temporary deconversion of a city when it grows."},
            {},
            {"text":"Unassigned Citizens\nIn Civilization V, unassigned citizens are considered specialists, and subject to the same type of bonuses (e.g. Korea's ability). It can be worthwhile to leave citizens unassigned, instead of being assigned to a tile. Not applicable to Unciv."},
            {},
            {"text":"Settler Construction\nIn Civilization V, cities can't starve when constructing settlers, so you can assign all citizens to production tiles and none to food tiles. In Unciv, citizens keep consuming two food per turn."},
            {},
            {"text":"Water Melee Attack\nAs result of a Discord poll, Water Melee units can attack military land units on the shore, unlike in Civilization V."},
            {},
            {"text":"Tile improvements\nIn Civilzation V, workers start working on an improvement-under-construction at the beginning of movement. Unciv changes this, to allow players to assign workers to tiles, and then reconsider and change improvement or move them elsewhere."},
            {},
            {"text":"Forest and Jungle Visibility\nIn Unciv, forests and jungles are visible 1 tile outside visibility range. In Civilization V, this is the behaviour of hills and mountains, but not of forests and jungles, yet jungle and forest can block hills, and hill + forest can block mountain, indicating they're on the same elevation. This is considered to be a bug in the otherwise well-structured visibility logic in Civilization V."}
        ]
    },
    {
        "name": "Settler",
        "civilopediaText": [
            {"text": "Founding Cities\nThe Settler is a unit that can found a new city. You can build a Settler unit in a city with at least 2 population, and then move them to a good location to found a new city. This will usually be your main way of acquiring more cities."},
            {},
            {"text": "Food conversion to Production\nDuring the construction of a Settler, the city will not grow. Instead, the 1st, 2nd, 4th, and from there on every 4th, excess Food (Growth) is converted into Production, with the rest of the excess Food being lost."}
        ]
    }
]
